pool_id,foundation_spp,day_night,sampling_group,before_after,removal_control,group,time_point,sampling_day,sampling_time,do_mg_l,salinity,temp_pool,nn_umol_l,nh4_umol_l,heterotrophic_bacterioplankton_m_l,m_c,bix,hix,fi,ultra_violet_humic_like,marine_humic_like,visible_humic_like,tryptophan_like,tyrosine_like,phenylalanine_like
Ocean,Ocean,Day,1,Before,Ocean,Before_Ocean,start,7/8/2019,8:48:00,8.28,34.3,11.9,1.400968,2.4281406,761.49,1.335136477,1.163542383,0.664352912,1.591922725,0.033758951,0.042722806,0.031998831,0.177963479,0.101505667,0.055506103
1,Phyllospadix,Day,1,Before,Control,Before_Control,start,7/8/2019,8:59:00,9.1,34.6,12.6,1.2419392,6.375255,777.42,1.24225423,1.123010385,0.398228951,1.050466629,0.042776194,0.051800318,0.041698645,0.218977524,0.336566059,0.089651264
2,Phyllospadix,Day,1,Before,Removal,Before_Removal,start,7/8/2019,9:04:00,9.99,34.7,12.8,0.33471776,4.5125718,750.45,1.190824634,1.193124429,0.758800519,1.541526114,0.047294927,0.061324968,0.0514979,0.133192508,0.215009003,0.061031071
3,Phyllospadix,Day,1,Before,Removal,Before_Removal,start,7/8/2019,9:07:00,10.28,34.8,12.7,0.57704736,3.7253664,805.11,1.247830879,1.255948451,0.654877262,1.69178157,0.046485777,0.061720457,0.049462198,0.157055702,0.157692547,0.057246784
4,Phyllospadix,Day,1,Before,Control,Before_Control,start,7/8/2019,9:10:00,10.21,34.9,13.2,0.53161056,3.991464,756.37,1.13519049,0.916586307,1.460415586,1.602482052,0.041977611,0.047061742,0.041457132,0.075167968,0.062281703,0.009810572
5,Phyllospadix,Day,1,Before,Control,Before_Control,start,7/8/2019,9:13:00,11.72,34.5,13.4,0.72017328,1.9846446,744.92,0.998011301,0.893500653,0.687359142,1.692466434,0.050150393,0.055234741,0.055344805,0.112299347,0.276233305,0.0492791
6,Phyllospadix,Day,1,Before,Removal,Before_Removal,start,7/8/2019,9:17:00,9.66,34.6,13.8,1.4236864,0.5710011,588.77,1.05436088,0.887357578,0.966548447,1.613011271,0.082056426,0.090958512,0.08626886,0.206996567,0.2215176,0.056608849
7,Phyllospadix,Day,1,Before,Removal,Before_Removal,start,7/8/2019,9:37:00,10.34,34.6,13.1,0.46421264,6.7854888,653.51,0.994156181,0.983295767,2.292653971,1.78973923,0.041816074,0.047556251,0.047835795,0.053026374,0.042780055,0.022943437
8,Phyllospadix,Day,1,Before,Control,Before_Control,start,7/8/2019,9:42:00,9.47,34.5,13.5,0.511164,7.428558,1112.81,1.083144913,1.136376671,0.934799043,1.672745358,0.062096295,0.076188642,0.070340211,0.150212328,0.256670348,0.040797677
9,Mytilus,Day,1,Before,Control,Before_Control,start,7/8/2019,9:47:00,7.63,34.5,12.8,2.8246544,10.5662922,594.85,1.235262203,0.972418138,0.395555598,0.996660779,0.056716006,0.066976397,0.054220389,0.444897879,0.348308845,0.107087879
10,Mytilus,Day,1,Before,Removal,Before_Removal,start,7/8/2019,9:50:00,7.86,34.1,12.8,4.3316416,10.6328166,595.18,1.124635416,0.937513051,1.145686865,1.579044948,0.036453157,0.040860781,0.036332469,0.114226286,0.06370099,0.01592748
11,Mytilus,Day,1,Before,Removal,Before_Removal,start,7/8/2019,9:52:00,6.29,34.6,13.1,4.9147472,16.741974,451.76,0.966321178,1.052164773,1.0594286,1.546541692,0.045106769,0.052608769,0.054442322,0.142060914,0.157228868,0.051649772
12,Mytilus,Day,1,Before,Control,Before_Control,start,7/8/2019,9:54:00,9.48,34.6,13.6,2.6580528,9.4464648,515.79,NA,NA,NA,NA,NA,NA,NA,NA,NA,NA
13,Mytilus,Day,1,Before,Control,Before_Control,start,7/8/2019,9:57:00,8.12,34.7,13.5,2.1279568,10.0784466,490.66,1.188867401,1.285086985,0.453509577,1.730084138,0.045211436,0.059351034,0.049922333,0.1611518,0.402844519,0.065141412
14,Mytilus,Day,1,Before,Control,Before_Control,start,7/8/2019,9:59:00,6.34,34.8,12.8,4.4528064,17.296344,579.98,2.023649537,2.258173189,0.486185937,1.195506269,0.09142669,0.185408295,0.091620753,0.660624442,0.532907569,0.1425301
15,Mytilus,Day,1,Before,Removal,Before_Removal,start,7/8/2019,10:02:00,8.86,34.6,13.8,2.8170816,13.083132,623.41,1.075455186,1.146103711,0.642774618,1.454372631,0.06710911,0.086316216,0.08026017,0.336402519,0.39618107,0.099958957
16,Mytilus,Day,1,Before,Removal,Before_Removal,start,7/8/2019,10:05:00,7.2,34.6,14.1,6.777656,10.4554182,483.36,1.185836673,0.796275483,0.490730688,1.38292327,0.182563634,0.204872943,0.172766577,1.066492,0.602755848,0.196117743
Ocean,Ocean,Day,2,Before,Ocean,Before_Ocean,start,7/9/2019,9:46:00,9.25,34.4,12.3,2.0143648,1.2639636,1019.33,0.995740589,0.9326438,1.25353873,1.685302909,0.028286027,0.031432033,0.031566488,0.056478091,0.063785175,0.022195501
17,Mytilus,Day,2,Before,Removal,Before_Removal,start,7/9/2019,9:52:00,9.36,34.6,13.6,2.8322272,4.7232324,549.59,1.1817064,0.886039245,1.321407126,1.626005937,0.034651144,0.03954255,0.033462246,0.07619198,0.045121303,0.025377556
18,Phyllospadix,Day,2,Before,Control,Before_Control,start,7/9/2019,9:59:00,8.79,34.5,13.4,1.2646576,3.9249396,914.33,1.088337184,0.89778909,3.635152354,1.722221392,0.033628115,0.039005565,0.035839596,0.058958539,0.045299703,0.01649419
19,Mytilus,Day,2,Before,Control,Before_Control,start,7/9/2019,9:55:00,8.55,34.6,12.9,1.5675696,6.6191778,621.53,1.133005646,0.992933081,1.352747609,1.551371568,0.029306947,0.032937351,0.029070774,0.059750629,0.041938735,0.025508411
20,Phyllospadix,Day,2,Before,Control,Before_Control,start,7/9/2019,10:01:00,11.35,34.5,12.9,0.9541728,2.938161,920.83,1.007191012,0.904788781,1.392987108,1.594370532,0.03387575,0.037362178,0.037095425,0.055633769,0.083026352,0.017686264
21,Phyllospadix,Day,2,Before,Removal,Before_Removal,start,7/9/2019,10:03:00,10.23,34.7,13.6,1.1207744,4.5014844,786.56,1.049215343,0.860833969,1.069375412,1.563459567,0.043711096,0.047600529,0.04536774,0.110525705,0.115279906,0.049745548
22,Phyllospadix,Day,2,Before,Removal,Before_Removal,start,7/9/2019,10:06:00,9.89,34.6,13.5,1.4842688,4.5790962,1081.2,1.171053018,0.916658003,1.589655371,1.607711423,0.042576959,0.048436601,0.041361579,0.079869389,0.086173929,0.014098162
23,Mytilus,Day,2,Before,Removal,Before_Removal,start,7/9/2019,10:11:00,8.88,34.5,13.7,2.9685376,6.0204582,727.96,1.023662518,0.975876182,1.220315809,1.681556344,0.03500481,0.038595417,0.037703263,0.075391793,0.107000103,0.035548338
25,Mytilus,Day,2,Before,Control,Before_Control,start,7/9/2019,10:14:00,7.23,34.6,13,3.483488,13.637502,639.04,1.1346921,0.949617915,1.094538832,1.625577651,0.034560751,0.040616685,0.035795336,0.096216523,0.071820634,0.03196396
26,Phyllospadix,Day,2,Before,Removal,Before_Removal,start,7/9/2019,10:19:00,9.78,34.6,13.1,1.3403856,2.106606,1086.22,1.052267823,0.939460866,1.033368524,1.687477288,0.039340794,0.044160594,0.041967067,0.096199845,0.108356932,0.027919906
26,Phyllospadix,Day,2,Before,Removal,Before_Removal,end,7/9/2019,14:32:00,9.81,34.2,14.1,1.6963072,4.3906104,1341.97,1.03063337,0.560968134,2.175122113,2.235070757,0.21330506,0.206355586,0.200222108,0.21567351,0.13787607,0.059127197
28,Phyllospadix,Day,2,Before,Removal,Before_Removal,start,7/9/2019,10:23:00,10.82,34.7,13.5,0.69821216,3.5812302,1047.71,1.096943931,0.926921361,1.608776755,1.699188102,0.037655224,0.042326136,0.038585505,0.064454649,0.043275128,0.010682505
29,Phyllospadix,Day,2,Before,Control,Before_Control,start,7/9/2019,10:25:00,12.35,34.6,13.9,0.397572,6.597003,1010.82,0.979434769,0.897062767,1.330905351,1.677219346,0.047685588,0.050986928,0.052057502,0.089531129,0.111441071,0.031760796
30,Mytilus,Day,2,Before,Control,Before_Control,start,7/9/2019,10:28:00,9.01,34.6,13.5,3.104848,9.535164,537.79,1.051095079,0.96919959,1.174251224,1.749348596,0.044275104,0.050392122,0.047942496,0.113914827,0.107045003,0.021006638
31,Mytilus,Day,2,Before,Control,Before_Control,start,7/9/2019,10:32:00,7.6,34.5,13.8,3.8091184,11.309148,480.25,1.124258073,1.025524628,1.041917554,1.723111808,0.038143561,0.046584999,0.041436215,0.096072613,0.099617902,0.0188348
32,Mytilus,Day,2,Before,Removal,Before_Removal,start,7/9/2019,10:35:00,6.98,34.8,13.2,4.202904,12.972258,541.08,1.131546861,0.889190858,0.952086319,1.70196642,0.036243658,0.042144095,0.037244675,0.092861246,0.129410122,0.036452836
Ocean,Ocean,Day,1,Before,Ocean,Before_Ocean,end,7/8/2019,13:31:00,8.41,34.5,13.3,1.1132016,1.9735572,677.13,0.960126619,0.850849999,1.490476291,1.771296117,0.024889881,0.026973718,0.028093917,0.030328043,0.040169804,0.001216182
1,Phyllospadix,Day,1,Before,Control,Before_Control,end,7/8/2019,13:39:00,11.89,35.2,16.1,2.1052384,4.9671552,698.19,1.082278196,0.877355505,1.029458593,1.651344912,0.072955471,0.083613644,0.077257071,0.148004219,0.235256276,0.044804681
2,Phyllospadix,Day,1,Before,Removal,Before_Removal,end,7/8/2019,13:41:00,14.83,34.8,19,0.55811536,5.9095842,725.26,NA,NA,NA,NA,NA,NA,NA,NA,NA,NA
3,Phyllospadix,Day,1,Before,Removal,Before_Removal,end,7/8/2019,13:43:00,14.24,35.2,17.3,0.32714496,8.0494524,835.87,1.050189148,0.972059316,0.742954215,1.632033887,0.067385786,0.077428039,0.073727708,0.166679675,0.424239246,0.048292818
4,Phyllospadix,Day,1,Before,Control,Before_Control,end,7/8/2019,13:49:00,9.92,36.6,19.3,0.870872,8.3598996,523.03,0.98811943,0.816416926,0.838896731,1.608170696,0.111330392,0.121103317,0.122559392,0.251403742,0.630012226,0.087151231
5,Phyllospadix,Day,1,Before,Control,Before_Control,end,7/8/2019,13:54:00,7.77,35.8,22.4,1.4312592,5.7543606,803.51,1.053552102,0.872266795,1.849878576,1.733440667,0.162290796,0.185403032,0.175978988,0.260183893,0.231471157,0.03492679
6,Phyllospadix,Day,1,Before,Removal,Before_Removal,end,7/8/2019,14:00:00,9.88,34.6,18.1,5.831056,10.7326032,491.28,1.081459533,0.890123173,1.673740065,1.681681263,0.208142535,0.2390671,0.221059681,0.368794644,0.311174382,0.054869245
7,Phyllospadix,Day,1,Before,Removal,Before_Removal,end,7/8/2019,14:02:00,10.8,34.6,16.1,1.1056288,7.3287714,926.39,1.157853473,0.959935559,0.531095072,1.48108546,0.08855053,0.107160863,0.092551316,0.418392095,0.530559691,0.078466132
8,Phyllospadix,Day,1,Before,Control,Before_Control,end,7/8/2019,14:05:00,9.54,36.3,21.6,2.2756264,16.797411,873.43,1.103842683,0.783139428,2.258969026,1.604712412,0.140401457,0.156055476,0.141374744,0.203037141,0.123156192,0.025830621
9,Mytilus,Day,1,Before,Control,Before_Control,end,7/8/2019,14:21:00,7.77,36.6,18.9,9.84464,21.398682,454.8,0.917742769,0.834161238,1.544192373,1.76254814,0.095050413,0.098870836,0.107732624,0.180949934,0.158182889,0.038302541
10,Mytilus,Day,1,Before,Removal,Before_Removal,end,7/8/2019,14:23:00,7.93,35.7,18,19.537824,23.394414,445.41,1.136159021,0.997224052,0.566215492,1.406785968,0.131848707,0.150202957,0.132202406,0.92081686,0.502081927,0.151290386
11,Mytilus,Day,1,Before,Removal,Before_Removal,end,7/8/2019,14:26:00,4.85,36.1,19.5,12.267936,23.505288,326.17,1.018876603,0.896388896,1.864363945,1.657080001,0.066436798,0.073561109,0.072198251,0.126371102,0.088399845,0.009825575
12,Mytilus,Day,1,Before,Control,Before_Control,end,7/8/2019,14:19:00,13.34,34.6,24.2,8.481536,20.844312,516.91,0.952635877,1.56067174,1.594197717,1.899548496,0.221935717,0.282582444,0.296632166,0.767228541,0.951869773,0.209415936
13,Mytilus,Day,1,Before,Control,Before_Control,end,7/8/2019,14:15:00,5.87,36.6,20.4,11.586384,46.788828,294.99,1.086283194,1.266586163,0.793972723,1.653160299,0.256432572,0.320299946,0.294858604,1.617145153,1.260467882,0.320070667
14,Mytilus,Day,1,Before,Control,Before_Control,end,7/8/2019,14:11:00,7.8,33.1,22.1,10.60192,32.818704,431.87,NA,NA,NA,NA,NA,NA,NA,NA,NA,NA
15,Mytilus,Day,1,Before,Removal,Before_Removal,end,7/8/2019,14:12:00,9.2,35.4,17.7,1.9159184,9.368853,720.75,0.84712278,0.786866486,0.444320387,1.280636734,0.112767578,0.134993599,0.159355412,0.687527906,0.840186818,0.150829351
16,Mytilus,Day,1,Before,Removal,Before_Removal,end,7/8/2019,14:29:00,6.1,35.1,21.4,23.28636,22.063926,341.38,1.023820255,0.966212381,1.622993821,1.658347227,0.113534885,0.130162304,0.127133941,0.306216099,0.183233143,0.056124697
Ocean,Ocean,Day,2,Before,Ocean,Before_Ocean,end,7/9/2019,14:03:00,10.16,34.5,13,1.8023264,2.5057524,760.33,1.16951533,0.959703014,0.878806206,1.583864555,0.031945959,0.037996236,0.032488874,0.131807327,0.080489878,0.002870565
17,Mytilus,Day,2,Before,Removal,Before_Removal,end,7/9/2019,14:12:00,9.43,33.8,17.5,4.0211568,21.842178,203.19,1.100676389,0.471442929,0.572038597,1.608350763,0.35729439,0.402818684,0.365973766,1.47336431,0.612647461,0.211746315
18,Phyllospadix,Day,2,Before,Control,Before_Control,end,7/9/2019,14:26:00,8.64,34.7,16.4,1.3328128,15.189738,569.61,1.012093954,0.839642494,0.849618761,1.46156702,0.075428394,0.085253789,0.084235054,0.315462409,0.195659385,0.05849409
19,Mytilus,Day,2,Before,Control,Before_Control,end,7/9/2019,14:16:00,9.81,34.4,16.1,4.6118352,19.624698,237.3,0.980692199,0.965358185,1.324635957,1.694951603,0.066641061,0.074230432,0.075691876,0.223473025,0.132262073,0.038239468
20,Phyllospadix,Day,2,Before,Control,Before_Control,end,7/9/2019,14:22:00,17.84,34.8,15.7,1.060192,7.6835682,537.99,1.279375599,0.98098192,0.858291297,1.269768612,0.077834894,0.094384341,0.073773754,0.272482838,0.155166778,0.062576998
21,Phyllospadix,Day,2,Before,Removal,Before_Removal,end,7/9/2019,14:19:00,10.98,34.2,17.4,3.1957216,11.752644,395.23,1.119865988,1.105383532,1.540713961,1.78492887,0.165829767,0.213955392,0.19105446,0.32677126,0.252391752,0.059265504
22,Phyllospadix,Day,2,Before,Removal,Before_Removal,end,7/9/2019,14:23:00,11.76,34.6,16.9,3.937856,11.198274,677.8,1.083914268,1.088493851,1.341266263,1.868130622,0.174569227,0.209997738,0.193740173,0.450954667,0.217874543,0.092850215
23,Mytilus,Day,2,Before,Removal,Before_Removal,end,7/9/2019,14:52:00,8.27,32.5,17.3,9.390272,18.626832,387.75,1.021788524,0.81221954,0.770378856,1.704094495,0.111132896,0.126950619,0.124243536,0.606691987,0.505374316,0.141899515
24,Mytilus,Day,2,Before,Removal,Before_Removal,end,7/9/2019,14:56:00,8.27,33.3,16.4,4.733,34.592688,263.83,0.74067422,0.80630475,1.308392626,1.389946124,0.16580671,0.147889725,0.199669059,0.690725945,0.274454839,0.10822607
25,Mytilus,Day,2,Before,Control,Before_Control,end,7/9/2019,14:58:00,5.38,34.5,15.1,6.3157152,25.833642,433.39,1.252646954,1.18323809,1.281993803,1.762253606,0.080891874,0.110983617,0.088599279,0.191251521,0.104749899,0.043270491
27,Phyllospadix,Day,2,Before,Control,Before_Control,start,7/9/2019,10:21:00,10.62,34.6,13,0.71260048,4.0912506,923.63,1.032967565,0.933833338,1.172671901,1.647968057,0.036369556,0.040781709,0.039480145,0.073382017,0.10389268,0.024533329
27,Phyllospadix,Day,2,Before,Control,Before_Control,end,7/9/2019,14:34:00,8.71,33.9,14.6,1.0299008,7.6724808,879.75,NA,NA,NA,NA,NA,NA,NA,NA,NA,NA
28,Phyllospadix,Day,2,Before,Removal,Before_Removal,end,7/9/2019,14:36:00,12.23,34,14.9,0.8102896,2.3172666,1251.33,1.319981318,0.689780073,0.898918683,1.216241042,0.081924398,0.089678957,0.067939566,0.213367883,0.114252942,0.043662527
29,Phyllospadix,Day,2,Before,Control,Before_Control,end,7/9/2019,14:37:00,15.07,33.7,17.6,0.9352408,5.1611847,639.28,1.062610915,0.885349,1.557744669,1.686729349,0.094279661,0.109413472,0.102966637,0.190468267,0.117354208,0.064635169
30,Mytilus,Day,2,Before,Control,Before_Control,end,7/9/2019,14:48:00,6.29,33.8,15.6,13.403856,29.93598,312.02,1.081563293,0.930250602,1.558926484,1.682702493,0.096990851,0.108491301,0.100309711,0.214685328,0.136511532,0.044945489
31,Mytilus,Day,2,Before,Control,Before_Control,end,7/9/2019,14:47:00,8.03,33.5,16.4,8.784448,25.722768,180.76,1.002848835,0.879305547,1.235375841,1.730610239,0.069375265,0.074969664,0.074756695,0.168231696,0.115723015,0.030302531
32,Mytilus,Day,2,Before,Removal,Before_Removal,end,7/9/2019,14:49:00,6.62,34.5,15.1,8.254352,20.068194,281.94,0.860256768,1.000729946,1.580483522,1.518681944,0.070610915,0.077664518,0.090280624,0.234883129,0.141498029,0.035719185
Ocean,Ocean,Day,1,After,Ocean,After_Ocean,start,8/5/2019,7:36:00,7.032258726,35.3,10.4,8.481536,1.718547,369.19,1.167514152,0.915479944,0.71521646,1.59541618,0.028976434,0.034224703,0.029314166,0.071565669,0.06551725,0.035924353
1,Phyllospadix,Day,1,After,Control,After_Control,start,8/5/2019,7:45:00,7.452929318,35.5,10.8,14.804824,2.4503154,500.15,0.867392635,1.094691622,0.544521593,1.394791305,0.050265862,0.05321074,0.061345621,0.432932525,0.240355227,0.110229281
2,Phyllospadix,Day,1,After,Removal,After_Removal,start,8/5/2019,7:47:00,7.94365272,34.6,10.9,6.2399872,2.1176934,481.79,1.249459067,1.09466935,0.767786376,1.620036188,0.034320764,0.043007505,0.034420899,0.119387905,0.11310695,0.043689881
3,Phyllospadix,Day,1,After,Removal,After_Removal,start,8/5/2019,7:51:00,7.941676072,35.6,10.9,7.2850336,1.496799,285.6,1.167039469,1.001558436,0.382048052,1.119207801,0.042260036,0.050107297,0.042935392,0.385011205,0.315247864,0.090907485
4,Phyllospadix,Day,1,After,Control,After_Control,start,8/5/2019,7:52:00,7.456467021,34.6,11,2.3021312,1.7518092,372.24,1.116977556,0.996493375,0.715341715,1.484801272,0.033387948,0.038940516,0.034862398,0.157071891,0.102383654,0.01718002
5,Phyllospadix,Day,1,After,Control,After_Control,start,8/5/2019,7:54:00,9.00539643,34.5,11.7,1.6963072,1.7850714,572.15,1.104641763,0.875550831,1.425134649,1.733780732,0.046186772,0.056542075,0.051185893,0.110254542,0.07999075,0.028065744
6,Phyllospadix,Day,1,After,Removal,After_Removal,start,8/5/2019,7:55:00,8.388395328,34.6,11.7,5.414552,3.0157728,392.79,1.086797787,0.93399541,0.891935477,1.673872105,0.040644333,0.046867956,0.043124817,0.099720242,0.12521361,0.023126368
7,Phyllospadix,Day,1,After,Removal,After_Removal,start,8/5/2019,8:05:00,7.990401594,35.8,11.2,4.1044576,2.0289942,403.89,1.090527587,0.874437221,0.756249861,1.624456861,0.031944682,0.03660779,0.033568881,0.094160236,0.10319393,0.039126694
8,Phyllospadix,Day,1,After,Control,After_Control,start,8/5/2019,8:07:00,7.243267567,35.7,11.3,5.944648,3.9582018,561.83,1.022667483,1.070979357,0.545765039,1.846038433,0.055551278,0.067907612,0.066402436,0.52415025,0.201452813,0.070755659
9,Mytilus,Day,1,After,Control,After_Control,start,8/5/2019,8:14:00,6.224922058,34.4,10.9,5.7856192,8.8810074,402.9,1.359543435,0.958900226,0.814373673,1.661347344,0.038197504,0.051485513,0.037869708,0.091839548,0.137919183,0.047786588
10,Mytilus,Day,1,After,Removal,After_Removal,start,8/5/2019,8:16:00,6.745870023,34.5,10.8,10.904832,7.8831414,455.11,1.205562091,1.289173143,0.785041741,1.84055526,0.04307618,0.058856615,0.048820891,0.201857322,0.105234711,0.05035852
11,Mytilus,Day,1,After,Removal,After_Removal,start,8/5/2019,8:17:00,7.485499596,34.7,10.8,10.22328,3.9803766,496.23,0.865111177,0.974009804,0.391504745,1.150628075,0.068675291,0.071800276,0.082995432,0.796906956,0.406910998,0.172370945
12,Mytilus,Day,1,After,Control,After_Control,start,8/5/2019,8:21:00,7.052988834,34.5,11.3,9.693184,8.3598996,404.27,1.895179516,0.813061651,0.253069286,1.357309542,0.099455003,0.119915437,0.06327392,0.785817878,0.53529607,0.20520612
13,Mytilus,Day,1,After,Control,After_Control,start,8/5/2019,8:26:00,6.535150315,34.7,11.5,8.481536,10.865652,365.61,1.036891233,0.801300964,0.716977978,1.746317077,0.033780646,0.03751672,0.036181924,0.090180732,0.138601062,0.037395334
14,Mytilus,Day,1,After,Control,After_Control,start,8/5/2019,8:29:00,6.032589375,34.7,11.4,11.434928,13.083132,265.5,0.787214201,0.919611788,0.45861599,1.655446988,0.054371282,0.053572644,0.068053452,0.67611247,0.372341873,0.152433997
15,Mytilus,Day,1,After,Removal,After_Removal,start,8/5/2019,8:32:00,9.217806488,35.7,11.1,2.9079552,2.1176934,493.96,1.434933974,0.79261153,0.431155109,1.037103822,0.053219744,0.060238774,0.041980172,0.312458128,0.25581657,0.057377559
16,Mytilus,Day,1,After,Removal,After_Removal,start,8/5/2019,8:48:00,8.22,35.2,11.4,18.591224,4.6123584,527.28,1.171448651,1.296976553,0.573044964,1.824770171,0.041520774,0.056088754,0.047879823,0.23467993,0.133640764,0.050321757
Ocean,Ocean,Day,2,After,Ocean,After_Ocean,start,8/6/2019,8:24:00,8.57,35,10.8,9.466,1.7296344,468.11,1.202564171,1.001148991,1.591612035,1.687715704,0.032768344,0.039871765,0.033155624,0.072825714,0.04644702,0.023373655
17,Mytilus,Day,2,After,Removal,After_Removal,start,8/6/2019,9:06:00,12.96,35.2,12.1,5.187368,5.4217386,458.44,1.254296874,0.978603341,0.673908602,1.749537771,0.045654791,0.055160068,0.043976884,0.178794535,0.184839574,0.04213755
18,Phyllospadix,Day,2,After,Control,After_Control,start,8/6/2019,9:20:00,7.37,35.3,12.3,6.5201808,5.7876228,481.27,1.137816093,0.99178517,1.043118796,1.639334872,0.04588296,0.054176154,0.047614157,0.148447119,0.161851008,0.049445638
19,Mytilus,Day,2,After,Control,After_Control,start,8/6/2019,9:05:00,8.9,35.3,11.5,6.9442576,5.6323992,364.76,1.085343464,1.002297266,0.698384858,1.666234836,0.041498862,0.048180876,0.044392285,0.116592656,0.180163817,0.042115326
20,Phyllospadix,Day,2,After,Control,After_Control,start,8/6/2019,9:14:00,9.18,35.3,11.3,5.8462016,5.6878362,584.25,1.164177449,1.114500949,0.551220469,1.353471731,0.045666164,0.057005688,0.048966494,0.227198505,0.228673533,0.059810577
21,Phyllospadix,Day,2,After,Removal,After_Removal,start,8/6/2019,9:08:00,16.06,35.1,13.2,2.4384416,3.4260066,469.38,1.143004493,0.854227351,0.704612723,1.636008046,0.041637819,0.049681427,0.043465645,0.100950019,0.173932875,0.024643386
22,Phyllospadix,Day,2,After,Removal,After_Removal,start,8/6/2019,9:17:00,13.6,35.2,13,4.7102816,3.6366672,566.26,0.823915756,0.685968313,1.485114308,2.19486727,0.185776755,0.244044744,0.296201089,0.2313978,0.200838914,0.050687492
23,Mytilus,Day,2,After,Removal,After_Removal,start,8/6/2019,8:58:00,9.13,35.3,12.1,13.971816,4.157775,553.87,1.20921047,0.90711922,0.677640996,1.663728769,0.037136123,0.046789858,0.038694552,0.091537899,0.134394919,0.016930998
24,Mytilus,Day,2,After,Removal,After_Removal,start,8/6/2019,8:56:00,10.64,35.1,11.9,12.49512,7.0737612,553.01,1.097192689,0.961556348,1.165095294,1.632096751,0.03406248,0.041249808,0.037595774,0.094926697,0.086721051,0.020614583
25,Mytilus,Day,2,After,Control,After_Control,start,8/6/2019,8:55:00,5.68,35.4,11.4,12.040752,18.515958,470.16,1.077439106,0.853515637,0.797001332,1.715219928,0.041271797,0.048223872,0.044757863,0.108597167,0.11144384,0.028875766
26,Phyllospadix,Day,2,After,Removal,After_Removal,start,8/6/2019,8:36:00,10.32,35.1,11.4,6.4293072,2.272917,543.1,1.134550081,0.961339999,0.785043238,1.600281791,0.030291388,0.034700706,0.030585433,0.075136131,0.08162039,0.021467209
27,Phyllospadix,Day,2,After,Control,After_Control,start,8/6/2019,8:35:00,8.76,35.2,11.2,7.648528,4.5901836,458.39,1.067007022,0.909626049,0.875503862,1.617233838,0.031053753,0.03499083,0.032793439,0.068343759,0.107784634,0.022859976
28,Phyllospadix,Day,2,After,Removal,After_Removal,start,8/6/2019,8:33:00,12.53,35.3,11.5,3.180576,0.78387918,543.68,1.047824497,0.911594272,0.795669921,1.599604471,0.030793741,0.033762373,0.032221401,0.076804511,0.105279564,0.048414416
29,Phyllospadix,Day,2,After,Control,After_Control,start,8/6/2019,8:29:00,11.08,35.8,11.2,3.2600904,1.385925,788.57,1.169314278,1.384056212,0.653536424,1.330151283,0.056240375,0.074540714,0.063747374,0.387008026,0.195978862,0.057926685
30,Mytilus,Day,2,After,Control,After_Control,start,8/6/2019,8:47:00,7.18,35.3,11.4,21.355296,207.33438,512.19,1.460328933,0.603399421,1.005369014,1.923996303,0.107753918,0.143849696,0.098504996,0.263740716,0.22462511,0.058312393
31,Mytilus,Day,2,After,Control,After_Control,start,8/6/2019,8:45:00,8.1,35.3,11.6,12.87376,13.526628,382.67,1.078750833,0.940512379,0.957053908,1.713763655,0.038202965,0.04392609,0.040719403,0.100390935,0.110054328,0.032130311
32,Mytilus,Day,2,After,Removal,After_Removal,start,8/6/2019,8:44:00,10.76,35.3,11,8.70872,3.0712098,506.38,1.222163765,0.960639681,0.918024557,1.602412844,0.0310392,0.037445608,0.030638781,0.08402496,0.046898186,0.022355527
Ocean,Ocean,Day,1,After,Ocean,After_Ocean,end,8/5/2019,10:56:00,11.07,34.7,11.3,7.799984,2.5057524,475.42,NA,NA,NA,NA,NA,NA,NA,NA,NA,NA
1,Phyllospadix,Day,1,After,Control,After_Control,end,8/5/2019,11:01:00,12.15,35.3,12.4,12.87376,2.5611894,866.44,1.150214391,1.537078887,1.338117745,1.696504714,0.063185061,0.091030488,0.079142191,0.136332256,0.080655626,0.025194252
2,Phyllospadix,Day,1,After,Removal,After_Removal,end,8/5/2019,11:03:00,20.62,34.9,13.5,5.5054256,5.3108646,562.31,0.996928857,0.921358882,0.945956873,1.680109464,0.090564021,0.113489489,0.113839105,0.261625403,0.162461432,0.049177928
3,Phyllospadix,Day,1,After,Removal,After_Removal,end,8/5/2019,11:05:00,21.25,34.8,13.6,2.9836832,2.8161996,572.52,1.024503051,0.84217184,0.392654508,1.500947745,0.043954025,0.046891408,0.045769906,0.16643298,0.255132347,0.036654436
4,Phyllospadix,Day,1,After,Control,After_Control,end,8/5/2019,11:06:00,13.92,34.9,14.3,1.70388,4.7010576,563.95,1.430095797,1.182260976,0.655345111,1.657017264,0.068588115,0.096009186,0.067134793,0.436967306,0.167580039,0.052972195
5,Phyllospadix,Day,1,After,Control,After_Control,end,8/5/2019,11:08:00,20.85,35.9,14,0.7799984,4.7786694,885.69,1.06903011,1.015681458,0.994282733,1.66967861,0.064218881,0.074848315,0.070015161,0.219847814,0.114758431,0.041503924
6,Phyllospadix,Day,1,After,Removal,After_Removal,end,8/5/2019,11:10:00,24.25,34.9,16.2,2.7678584,5.100204,485.8,0.941817657,0.788313219,1.075338196,1.587847157,0.082593719,0.084772379,0.090009333,0.226772949,0.192838297,0.044633783
7,Phyllospadix,Day,1,After,Removal,After_Removal,end,8/5/2019,11:17:00,14.73,35,13.6,2.499024,5.876322,640.16,1.219657635,1.133567078,0.874723756,1.46542817,0.056443067,0.069916767,0.057324912,0.269973263,0.084587949,0.039824424
8,Phyllospadix,Day,1,After,Control,After_Control,end,8/5/2019,11:19:00,9.32,34.8,14.2,2.8738776,5.599137,1333.27,1.33109677,0.898170283,1.587027668,1.740918099,0.082100728,0.111381621,0.083676577,0.167189177,0.166464429,0.047594685
9,Mytilus,Day,1,After,Control,After_Control,end,8/5/2019,11:24:00,11.35,35.2,12.9,7.0275584,16.187604,896.79,0.962899385,0.981227549,0.381760736,1.169883562,0.065515945,0.071773344,0.074538778,0.830830433,0.443066383,0.126612826
10,Mytilus,Day,1,After,Removal,After_Removal,end,8/5/2019,11:26:00,16.82,34.8,13.4,12.87376,13.748376,510.25,1.036514996,0.856969033,0.410859879,1.377487353,0.069773706,0.075413186,0.072756483,0.589453055,0.392969886,0.088636402
11,Mytilus,Day,1,After,Removal,After_Removal,end,8/5/2019,11:28:00,18.14,34.8,13.4,7.269888,5.8319724,497.03,1.008582393,0.884678034,0.676248312,1.647746902,0.035983905,0.03862588,0.038297198,0.108309839,0.148138639,0.030877377
12,Mytilus,Day,1,After,Control,After_Control,end,8/5/2019,11:35:00,14.64,34.7,14.9,6.2248416,11.309148,485.36,0.889992554,0.823062093,0.538391093,1.379872401,0.095034122,0.102353644,0.115005057,0.504656671,0.329476435,0.092916204
13,Mytilus,Day,1,After,Control,After_Control,end,8/5/2019,11:37:00,12.16,34.7,15.1,8.935904,17.296344,456.26,0.99797447,0.86648885,0.845332107,1.80583141,0.055217597,0.061454725,0.061579457,0.171946059,0.20371509,0.025005299
14,Mytilus,Day,1,After,Control,After_Control,end,8/5/2019,11:38:00,6.97,34.9,13.8,9.08736,17.18547,919.97,0.872773051,0.867849614,1.182497185,2.04208731,0.063920939,0.068020346,0.077935892,0.203417375,0.182589091,0.034462878
15,Mytilus,Day,1,After,Removal,After_Removal,end,8/5/2019,11:40:00,31.02,34.8,15.2,1.400968,2.494665,643.68,1.122866624,0.825350373,0.940259595,1.609330505,0.051636819,0.056414484,0.050241483,0.143698145,0.08628642,0.040298942
16,Mytilus,Day,1,After,Removal,After_Removal,end,8/5/2019,11:43:00,9.95,34.7,14.9,16.963072,6.9074502,617,1.077313944,0.82167353,0.857271308,1.640784799,0.034541052,0.037657495,0.034954987,0.085314472,0.090911358,0.036718599
Ocean,Ocean,Day,2,After,Ocean,After_Ocean,end,8/6/2019,11:31:00,11.55,35.1,11.7,8.481536,2.1398682,499.61,1.031145317,0.956854502,1.414475507,1.614653245,0.034941428,0.039944725,0.038738211,0.083848378,0.060787436,0.019552392
17,Mytilus,Day,2,After,Removal,After_Removal,end,8/6/2019,12:04:00,21.26,35.1,15.5,3.4607696,8.5594728,422,0.988413551,0.878996132,0.925382236,1.705776273,0.112808183,0.124337446,0.125794963,0.54547932,0.350906089,0.108429986
18,Phyllospadix,Day,2,After,Control,After_Control,end,8/6/2019,12:13:00,9.4,35.8,15,4.1196032,10.0119222,540.12,1.057998594,0.927520355,1.31343068,1.727877069,0.059383457,0.069924081,0.066090901,0.19266656,0.167037581,0.036971772
19,Mytilus,Day,2,After,Control,After_Control,end,8/6/2019,12:03:00,11.76,35.4,14,7.724256,14.746242,277.46,0.962301614,0.891694943,0.926544349,1.61742216,0.06364104,0.06711726,0.069746594,0.228016039,0.199169699,0.033379772
20,Phyllospadix,Day,2,After,Control,After_Control,end,8/6/2019,12:08:00,11.25,35.9,12.8,3.0897024,6.4972164,734.78,1.033271563,0.934990327,0.978737776,1.768849901,0.060482768,0.072376229,0.070045699,0.137346868,0.137295344,0.03261988
21,Phyllospadix,Day,2,After,Removal,After_Removal,end,8/6/2019,12:06:00,23.16,34.9,18.5,1.0753376,6.0648078,539.89,1.11330072,0.861981958,0.851583209,1.719456269,0.100438584,0.112211991,0.100792166,0.306616279,0.252034148,0.069196321
22,Phyllospadix,Day,2,After,Removal,After_Removal,end,8/6/2019,12:10:00,22.26,35.1,18.7,1.249512,5.765448,719.99,0.994222132,0.862225237,1.04202638,1.619927397,0.061927998,0.067095364,0.067485285,0.188368953,0.085623704,0.02514473
23,Mytilus,Day,2,After,Removal,After_Removal,end,8/6/2019,11:56:00,15.3,35.2,16.5,7.989304,8.9142696,734.37,0.833481378,1.187519707,0.90775141,2.033256401,0.157548344,0.178967595,0.214722968,1.264260555,0.626997069,0.200159552
24,Mytilus,Day,2,After,Removal,After_Removal,end,8/6/2019,11:55:00,17.76,35.2,14.7,3.1654304,6.597003,622.23,1.029725011,0.805781381,0.885959004,0.889599854,0.04341877,0.046982639,0.045626394,0.14394006,0.103451226,0.022255727
25,Mytilus,Day,2,After,Control,After_Control,end,8/6/2019,11:53:00,5,35.6,13.1,14.76696,33.927444,546.61,1.085773211,0.889603188,0.79668834,1.819819666,0.063398168,0.075103989,0.069170972,0.183927844,0.244008938,0.05198622
26,Phyllospadix,Day,2,After,Removal,After_Removal,end,8/6/2019,11:38:00,29.86,35.3,15.8,3.6500896,6.5304786,485.1,0.940160037,0.9319037,1.265718069,1.736089231,0.077879435,0.086288599,0.091780756,0.18753213,0.128162311,0.03330636
27,Phyllospadix,Day,2,After,Control,After_Control,end,8/6/2019,11:37:00,12.02,36.1,12.4,5.528144,9.5684262,489.77,1.272285414,0.844014707,0.784224389,1.710704041,0.081477881,0.095365655,0.074956181,0.266048624,0.133514557,0.047705483
28,Phyllospadix,Day,2,After,Removal,After_Removal,end,8/6/2019,11:35:00,26.73,35.3,14.6,1.4161136,6.153507,764.28,0.940906383,0.816892965,1.257185713,1.653127587,0.063651297,0.066484642,0.070660209,0.136269862,0.162517075,0.031416962
29,Phyllospadix,Day,2,After,Control,After_Control,end,8/6/2019,11:34:00,19.14,36.4,14.4,1.9954328,5.820885,1531.19,1.018738091,0.865155396,1.246658705,1.730338109,0.075286828,0.085799928,0.084221772,0.203304801,0.212293164,0.031504194
30,Mytilus,Day,2,After,Control,After_Control,end,8/6/2019,11:50:00,11.31,35.3,14.5,33.774688,252.79272,486.29,1.04441482,0.868588913,1.249031071,1.735760374,0.075694161,0.085173489,0.081551398,0.211408268,0.146737909,0.042378442
31,Mytilus,Day,2,After,Control,After_Control,end,8/6/2019,11:48:00,12.56,35.1,15.5,14.842688,21.398682,451.14,1.074297841,0.851399389,0.694527452,1.584424847,0.103667801,0.12056281,0.112224753,0.535410948,0.268812722,0.095873906
32,Mytilus,Day,2,After,Removal,After_Removal,end,8/6/2019,11:47:00,22.01,35.3,13,7.118432,5.155641,523.67,1.051507018,0.874685414,0.79426182,1.571872058,0.033347444,0.036797859,0.034995353,0.087548722,0.098004838,0.01456034
